{
    "robot_root_name": "base",
    "human_root_name": "Hips",
    "ground_height": -0.04,
    "human_height_assumption": 1.8,
    "use_ik_match_table1": true,
    "use_ik_match_table2": true,
    "human_scale_table": {
        "Hips": 0.55,
        "LeftUpLeg": 0.56,
        "RightUpLeg": 0.56,
        "LeftLeg": 0.57,
        "RightLeg": 0.57,
        "LeftFootMod": 0.58,
        "RightFootMod": 0.58
    },
    "ik_match_table1": {
        "base": [
            "Hips",
            100,
            10,
            [0.0, 0.0, 0.0],
            [0.5, 0.5, 0.5, 0.5]
        ],
        "Link_R2": [
            "RightUpLeg",
            0,
            10,
            [0.0, -0.08, 0.0],
            [-0.5, 0.5, 0.5, -0.5]
        ],
        "Link_R4": [
            "RightLeg",
            0,
            10,
            [0.0, -0.08, 0.0],
            [-0.5, 0.5, 0.5, -0.5]
        ],
        "Link_R6": [
            "RightFootMod",
            100,
            10,
            [0.0, -0.10, 0.0],
            [-0.7071067811865476, 0.7071067811865476, 0.0, 0.0]
        ],
        "Link_L2": [
            "LeftUpLeg",
            0,
            10,
            [0.0, 0.08, 0.0],
            [-0.5, 0.5, 0.5, -0.5]
        ],
        "Link_L4": [
            "LeftLeg",
            0,
            10,
            [0.0, 0.08, 0.0],
            [-0.5, 0.5, 0.5, -0.5]
        ],
        "Link_L6": [
            "LeftFootMod",
            100,
            10,
            [0.0, 0.10, 0.0],
            [-0.7071067811865476, 0.7071067811865476, 0.0, 0.0]
        ]
    },
    "ik_match_table2": {
        "base": [
            "Hips",
            100,
            5,
            [0.0, 0.0, 0.0],
            [0.5, 0.5, 0.5, 0.5]
        ],
        "Link_R2": [
            "RightUpLeg",
            10,
            5,
            [0.0, -0.08, 0.0],
            [-0.5, 0.5, 0.5, -0.5]
        ],
        "Link_R4": [
            "RightLeg",
            10,
            5,
            [0.0, -0.08, 0.0],
            [-0.5, 0.5, 0.5, -0.5]
        ],
        "Link_R6": [
            "RightFootMod",
            100,
            50,
            [0.0, -0.10, 0.0],
            [-0.7071067811865476, 0.7071067811865476, 0.0, 0.0]
        ],
        "Link_L2": [
            "LeftUpLeg",
            10,
            5,
            [0.0, 0.08, 0.0],
            [-0.5, 0.5, 0.5, -0.5]
        ],
        "Link_L4": [
            "LeftLeg",
            10,
            5,
            [0.0, 0.08, 0.0],
            [-0.5, 0.5, 0.5, -0.5]
        ],
        "Link_L6": [
            "LeftFootMod",
            100,
            50,
            [0.0, 0.10, 0.0],
            [-0.7071067811865476, 0.7071067811865476, 0.0, 0.0]
        ]
    }
}
