{
    "robot_root_name": "base",
    "human_root_name": "pelvis",
    "ground_height": 0.0,
    "human_height_assumption": 1.8,
    "use_ik_match_table1": true,
    "use_ik_match_table2": true,
    "human_scale_table": {
        "pelvis": 0.6,
        "left_hip": 0.6,
        "right_hip": 0.6,
        "left_knee": 0.6,
        "right_knee": 0.6,
        "left_foot": 0.6,
        "right_foot": 0.6
    },
    "ik_match_table1": {
        "base": [
            "pelvis",
            100,
            10,
            [0.0, 0.0, 0.0],
            [0.5, -0.5, -0.5, -0.5]
        ],
        "Link_R2": [
            "right_hip",
            0,
            10,
            [0.0, 0.0, 0.0],
            [0.4267755048530407, -0.5637931078484661, -0.5637931078484661, -0.4267755048530407]
        ],
        "Link_R4": [
            "right_knee",
            0,
            10,
            [0.0, 0.0, 0.0],
            [0.5, -0.5, -0.5, -0.5]
        ],
        "Link_R6": [
            "right_foot",
            100,
            0,
            [0.0, -0.02, 0.0],
            [0.5, -0.5, -0.5, -0.5]
        ],
        "Link_L2": [
            "left_hip",
            0,
            10,
            [0.0, 0.0, 0.0],
            [0.4267755048530407, -0.5637931078484661, -0.5637931078484661, -0.4267755048530407]
        ],
        "Link_L4": [
            "left_knee",
            0,
            10,
            [0.0, 0.0, 0.0],
            [0.5, -0.5, -0.5, -0.5]
        ],
        "Link_L6": [
            "left_foot",
            100,
            0,
            [0.0, 0.02, 0.0],
            [0.5, -0.5, -0.5, -0.5]
        ]
    },
    "ik_match_table2": {
        "base": [
            "pelvis",
            100,
            5,
            [0.0, 0.0, 0.0],
            [0.5, -0.5, -0.5, -0.5]
        ],
        "Link_R2": [
            "right_hip",
            10,
            5,
            [0.0, 0.0, 0.0],
            [0.4267755048530407, -0.5637931078484661, -0.5637931078484661, -0.4267755048530407]
        ],
        "Link_R4": [
            "right_knee",
            10,
            5,
            [0.0, 0.0, 0.0],
            [0.5, -0.5, -0.5, -0.5]
        ],
        "Link_R6": [
            "right_foot",
            100,
            50,
            [0.0, 0.0, 0.0],
            [-0.5, 0.5, 0.5, 0.5]
        ],
        "Link_L2": [
            "left_hip",
            10,
            5,
            [0.0, 0.0, 0.0],
            [0.4267755048530407, -0.5637931078484661, -0.5637931078484661, -0.4267755048530407]
        ],
        "Link_L4": [
            "left_knee",
            10,
            5,
            [0.0, 0.0, 0.0],
            [0.5, -0.5, -0.5, -0.5]
        ],
        "Link_L6": [
            "left_foot",
            100,
            50,
            [0.0, 0.0, 0.0],
            [-0.5, 0.5, 0.5, 0.5]
        ]
    }
}
